Url,Broken Destination URL,Anchor Text
https://astrokiran.com/,https://astrokiran.com/cdn-cgi/l/email-protection,[email protected]
https://astrokiran.com/blog,https://astrokiran.com/cdn-cgi/l/email-protection,[email protected]
https://astrokiran.com/disclaimer,https://astrokiran.com/cdn-cgi/l/email-protection,[email protected]
https://astrokiran.com/free-kundli,https://astrokiran.com/cdn-cgi/l/email-protection,[email protected]
https://astrokiran.com/games/hindu-wisdom-millionaire,https://astrokiran.com/cdn-cgi/l/email-protection,[email protected]
https://astrokiran.com/horoscopes,https://astrokiran.com/cdn-cgi/l/email-protection,[email protected]
https://astrokiran.com/horoscopes/aquarius,https://astrokiran.com/cdn-cgi/l/email-protection,[email protected]
https://astrokiran.com/horoscopes/aries,https://astrokiran.com/cdn-cgi/l/email-protection,[email protected]
https://astrokiran.com/horoscopes/cancer,https://astrokiran.com/cdn-cgi/l/email-protection,[email protected]
https://astrokiran.com/horoscopes/capricorn,https://astrokiran.com/cdn-cgi/l/email-protection,[email protected]
https://astrokiran.com/horoscopes/gemini,https://astrokiran.com/cdn-cgi/l/email-protection,[email protected]
https://astrokiran.com/horoscopes/leo,https://astrokiran.com/cdn-cgi/l/email-protection,[email protected]
https://astrokiran.com/horoscopes/libra,https://astrokiran.com/cdn-cgi/l/email-protection,[email protected]
https://astrokiran.com/horoscopes/pisces,https://astrokiran.com/cdn-cgi/l/email-protection,[email protected]
https://astrokiran.com/horoscopes/sagittarius,https://astrokiran.com/cdn-cgi/l/email-protection,[email protected]
https://astrokiran.com/horoscopes/scorpio,https://astrokiran.com/cdn-cgi/l/email-protection,[email protected]
https://astrokiran.com/horoscopes/taurus,https://astrokiran.com/cdn-cgi/l/email-protection,[email protected]
https://astrokiran.com/horoscopes/virgo,https://astrokiran.com/cdn-cgi/l/email-protection,[email protected]
https://astrokiran.com/kundli-match,https://astrokiran.com/cdn-cgi/l/email-protection,[email protected]
https://astrokiran.com/pricing,https://astrokiran.com/cdn-cgi/l/email-protection,[email protected]
https://astrokiran.com/pricing-policy,https://astrokiran.com/cdn-cgi/l/email-protection,[email protected]
https://astrokiran.com/privacy-policy,https://astrokiran.com/cdn-cgi/l/email-protection,[email protected]
https://astrokiran.com/terms,https://astrokiran.com/cdn-cgi/l/email-protection,[email protected]
