Url,title
https://astrokiran.com/blog,Astrology Blog - Expert Insights & Guidance | Astrokiran | Astrokiran - Complete Astrology Services India
https://astrokiran.com/disclaimer,Disclaimer - Astrokiran Astrology Service Disclaimers | Astrokiran - Complete Astrology Services India
https://astrokiran.com/free-kundli,"Free â‚¹1000 Kundli, Tarot, Palmistry, Numerology & Astrology Services - Astrokiran"
https://astrokiran.com/games/hindu-wisdom-millionaire,Hindu Wisdom Millionaire - Vedic Quiz Game | AstroKiran | Astrokiran - Complete Astrology Services India
https://astrokiran.com/horoscopes,Daily Horoscope - Rashi Predictions for All Signs | Astrokiran - Complete Astrology Services India
https://astrokiran.com/horoscopes/aquarius,Aquarius Horoscope Today - Daily Predictions & Astrology Forecast | Astrokiran - Complete Astrology Services India
https://astrokiran.com/horoscopes/aries,Aries Horoscope Today - Daily Predictions & Astrology Forecast | Astrokiran - Complete Astrology Services India
https://astrokiran.com/horoscopes/cancer,Cancer Horoscope Today - Daily Predictions & Astrology Forecast | Astrokiran - Complete Astrology Services India
https://astrokiran.com/horoscopes/capricorn,Capricorn Horoscope Today - Daily Predictions & Astrology Forecast | Astrokiran - Complete Astrology Services India
https://astrokiran.com/horoscopes/gemini,Gemini Horoscope Today - Daily Predictions & Astrology Forecast | Astrokiran - Complete Astrology Services India
https://astrokiran.com/horoscopes/leo,Leo Horoscope Today - Daily Predictions & Astrology Forecast | Astrokiran - Complete Astrology Services India
https://astrokiran.com/horoscopes/libra,Libra Horoscope Today - Daily Predictions & Astrology Forecast | Astrokiran - Complete Astrology Services India
https://astrokiran.com/horoscopes/pisces,Pisces Horoscope Today - Daily Predictions & Astrology Forecast | Astrokiran - Complete Astrology Services India
https://astrokiran.com/horoscopes/sagittarius,Sagittarius Horoscope Today - Daily Predictions & Astrology Forecast | Astrokiran - Complete Astrology Services India
https://astrokiran.com/horoscopes/scorpio,Scorpio Horoscope Today - Daily Predictions & Astrology Forecast | Astrokiran - Complete Astrology Services India
https://astrokiran.com/horoscopes/taurus,Taurus Horoscope Today - Daily Predictions & Astrology Forecast | Astrokiran - Complete Astrology Services India
https://astrokiran.com/horoscopes/virgo,Virgo Horoscope Today - Daily Predictions & Astrology Forecast | Astrokiran - Complete Astrology Services India
https://astrokiran.com/kundli-match,Kundli Matching - Marriage Compatibility | Astrokiran | Astrokiran - Complete Astrology Services India
https://astrokiran.com/pricing,"Astrology Services Pricing - Tarot, Palmistry, Numerology & Consultation Rates | Astrokiran - Complete Astrology Services India"
https://astrokiran.com/pricing-policy,Pricing Policy - Astrokiran Astrology Service Pricing & Payment Terms | Astrokiran - Complete Astrology Services India
https://astrokiran.com/privacy-policy,Privacy Policy - Astrokiran Data Protection & Security | Astrokiran - Complete Astrology Services India
https://astrokiran.com/terms,Terms & Conditions - Astrokiran Astrology Services | Astrokiran - Complete Astrology Services India
